yemeni_textual_number,numerical_value
ميه,100
مائه,100
مائة,100
ميتين,200
مائتين,200
مئتين,200
ثلاثميه,300
ثلاث ميه,300
ثلاثمائه,300
ثلاث مائه,300
اربعميه,400
اربع ميه,400
اربعمائه,400
اربع مائه,400
خمسميه,500
خمس ميه,500
خمسمائه,500
خمس مائه,500
ستميه,600
ست ميه,600
ستمائه,600
ست مائه,600
سبعميه,700
سبع ميه,700
سبعمائه,700
سبع مائه,700
ثمانميه,800
ثمان ميه,800
ثمانمائه,800
ثمان مائه,800
تسعميه,900
تسع ميه,900
تسعمائه,900
تسع مائه,900
الف,1000
الف وميه,1100
الف ومائه,1100
الف ومائة,1100
الف وميتين,1200
الف ومائتين,1200
الف ومئتين,1200
الف وثلاثميه,1300
الف وثلاث ميه,1300
الف وثلاثمائه,1300
الف وثلاث مائه,1300
الف واربعميه,1400
الف واربع ميه,1400
الف واربعمائه,1400
الف واربع مائه,1400
الف وخمسميه,1500
الف وخمس ميه,1500
الف وخمسمائه,1500
الف وخمس مائه,1500
الف وخمس,1500
الف ونص,1500
الف وستميه,1600
الف وست ميه,1600
الف وستمائه,1600
الف وست مائه,1600
الف وسبعميه,1700
الف وسبع ميه,1700
الف وسبعمائه,1700
الف وسبع مائه,1700
الف وثمانميه,1800
الف وثمان ميه,1800
الف وثمانمائه,1800
الف وثمان مائه,1800
الف وتسعميه,1900
الف وتسع ميه,1900
الف وتسعمائه,1900
الف وتسع مائه,1900
الفين,2000
الفين وميه,2100
الفين ومائه,2100
الفين ومائة,2100
الفين وميتين,2200
الفين ومائتين,2200
الفين ومئتين,2200
الفين وثلاثميه,2300
الفين وثلاث ميه,2300
الفين وثلاثمائه,2300
الفين وثلاث مائه,2300
الفين واربعميه,2400
الفين واربع ميه,2400
الفين واربعمائه,2400
الفين واربع مائه,2400
الفين وخمسميه,2500
الفين وخمس ميه,2500
الفين وخمسمائه,2500
الفين وخمس مائه,2500
الفين وخمس,2500
الفين ونص,2500
الفين وستميه,2600
الفين وست ميه,2600
الفين وستمائه,2600
الفين وست مائه,2600
الفين وسبعميه,2700
الفين وسبع ميه,2700
الفين وسبعمائه,2700
الفين وسبع مائه,2700
الفين وثمانميه,2800
الفين وثمان ميه,2800
الفين وثمانمائه,2800
الفين وثمان مائه,2800
الفين وتسعميه,2900
الفين وتسع ميه,2900
الفين وتسعمائه,2900
الفين وتسع مائه,2900
ثلاثه الف,3000
ثلاث الاف,3000
ثلاثه الف وميه,3100
ثلاث الاف وميه,3100
ثلاثه الف ومائه,3100
ثلاث الاف ومائه,3100
ثلاثه الف ومائة,3100
ثلاث الاف ومائة,3100
ثلاثه الف وميتين,3200
ثلاث الاف وميتين,3200
ثلاثه الف ومائتين,3200
ثلاث الاف ومائتين,3200
ثلاثه الف ومئتين,3200
ثلاث الاف ومئتين,3200
ثلاثه الف وثلاثميه,3300
ثلاث الاف وثلاثميه,3300
ثلاثه الف وثلاثمائه,3300
ثلاث الاف وثلاثمائه,3300
ثلاثه الف واربعميه,3400
ثلاث الاف واربعميه,3400
ثلاثه الف واربعمائه,3400
ثلاث الاف واربعمائه,3400
ثلاثه الف وخمسميه,3500
ثلاث الاف وخمسميه,3500
ثلاثه الف وخمسمائه,3500
ثلاث الاف وخمسمائه,3500
ثلاثه الف وخمس,3500
ثلاث الاف وخمس,3500
ثلاثه الف ونص,3500
ثلاث الاف ونص,3500
ثلاثه الف وستميه,3600
ثلاث الاف وستميه,3600
ثلاثه الف وستمائه,3600
ثلاث الاف وستمائه,3600
ثلاثه الف وسبعميه,3700
ثلاث الاف وسبعميه,3700
ثلاثه الف وسبعمائه,3700
ثلاث الاف وسبعمائه,3700
ثلاثه الف وثمانميه,3800
ثلاث الاف وثمانميه,3800
ثلاثه الف وثمانمائه,3800
ثلاث الاف وثمانمائه,3800
ثلاثه الف وتسعميه,3900
ثلاث الاف وتسعميه,3900
ثلاثه الف وتسعمائه,3900
ثلاث الاف وتسعمائه,3900
اربعه الف,4000
اربع الاف,4000
خمسه الف,5000
خمس الاف,5000
سته الف,6000
ست الاف,6000
سبعه الف,7000
سبع الاف,7000
ثمانيه الف,8000
ثمن الاف,8000
تسعه الف,9000
تسع الاف,9000
الف ونص,1500
الف وخمس,1500
الفين ونص,2500
الفين وخمس,2500
ثلاثه الف ونص,3500
ثلاث الاف ونص,3500
ثلاثه الف وخمس,3500
ثلاث الاف وخمس,3500
اربعه الف ونص,4500
اربع الاف ونص,4500
اربعه الف وخمس,4500
اربع الاف وخمس,4500
خمسه الف ونص,5500
خمس الاف ونص,5500
خمسه الف وخمس,5500
خمس الاف وخمس,5500
سته الف ونص,6500
ست الاف ونص,6500
سته الف وخمس,6500
ست الاف وخمس,6500
سبعه الف ونص,7500
سبع الاف ونص,7500
سبعه الف وخمس,7500
سبع الاف وخمس,7500
ثمانيه الف ونص,8500
ثمن الاف ونص,8500
ثمانيه الف وخمس,8500
ثمن الاف وخمس,8500
تسعه الف ونص,9500
تسع الاف ونص,9500
تسعه الف وخمس,9500
تسع الاف وخمس,9500
الف وميه,1100
الف ومائه,1100
الف وميتين,1200
الف ومائتين,1200
الف وثلاثميه,1300
الف وثلاثمائه,1300
الف واربعميه,1400
الف واربعمائه,1400
الف وخمسميه,1500
الف وخمسمائه,1500
الف وستميه,1600
الف وستمائه,1600
الف وسبعميه,1700
الف وسبعمائه,1700
الف وثمانميه,1800
الف وثمانمائه,1800
الف وتسعميه,1900
الف وتسعمائه,1900
الفين وميه,2100
الفين ومائه,2100
الفين وميتين,2200
الفين ومائتين,2200
الفين وثلاثميه,2300
الفين وثلاثمائه,2300
الفين واربعميه,2400
الفين واربعمائه,2400
الفين وخمسميه,2500
الفين وخمسمائه,2500
الفين وستميه,2600
الفين وستمائه,2600
الفين وسبعميه,2700
الفين وسبعمائه,2700
الفين وثمانميه,2800
الفين وثمانمائه,2800
الفين وتسعميه,2900
الفين وتسعمائه,2900
ثلاثه الف وميه,3100
ثلاث الاف وميه,3100
ثلاثه الف ومائه,3100
ثلاث الاف ومائه,3100
ثلاثه الف وميتين,3200
ثلاث الاف وميتين,3200
ثلاثه الف ومائتين,3200
ثلاث الاف ومائتين,3200
ثلاثه الف وثلاثميه,3300
ثلاث الاف وثلاثميه,3300
ثلاثه الف وثلاثمائه,3300
ثلاث الاف وثلاثمائه,3300
ثلاثه الف واربعميه,3400
ثلاث الاف واربعميه,3400
ثلاثه الف واربعمائه,3400
ثلاث الاف واربعمائه,3400
ثلاثه الف وخمسميه,3500
ثلاث الاف وخمسميه,3500
ثلاثه الف وخمسمائه,3500
ثلاث الاف وخمسمائه,3500
ثلاثه الف وستميه,3600
ثلاث الاف وستميه,3600
ثلاثه الف وستمائه,3600
ثلاث الاف وستمائه,3600
ثلاثه الف وسبعميه,3700
ثلاث الاف وسبعميه,3700
ثلاثه الف وسبعمائه,3700
ثلاث الاف وسبعمائه,3700
ثلاثه الف وثمانميه,3800
ثلاث الاف وثمانميه,3800
ثلاثه الف وثمانمائه,3800
ثلاث الاف وثمانمائه,3800
ثلاثه الف وتسعميه,3900
ثلاث الاف وتسعميه,3900
ثلاثه الف وتسعمائه,3900
ثلاث الاف وتسعمائه,3900
اربعه الف,4000
اربع الاف,4000
اربعه الف وميه,4100
اربع الاف وميه,4100
اربعه الف ومائه,4100
اربع الاف ومائه,4100
اربعه الف ومائة,4100
اربع الاف ومائة,4100
اربعه الف وميتين,4200
اربع الاف وميتين,4200
اربعه الف ومائتين,4200
اربع الاف ومائتين,4200
اربعه الف ومئتين,4200
اربع الاف ومئتين,4200
اربعه الف وثلاثميه,4300
اربع الاف وثلاثميه,4300
اربعه الف وثلاثمائه,4300
اربع الاف وثلاثمائه,4300
اربعه الف واربعميه,4400
اربع الاف واربعميه,4400
اربعه الف واربعمائه,4400
اربع الاف واربعمائه,4400
اربعه الف وخمسميه,4500
اربع الاف وخمسميه,4500
اربعه الف وخمسمائه,4500
اربع الاف وخمسمائه,4500
اربعه الف وخمس,4500
اربع الاف وخمس,4500
اربعه الف ونص,4500
اربع الاف ونص,4500
اربعه الف وستميه,4600
اربع الاف وستميه,4600
اربعه الف وستمائه,4600
اربع الاف وستمائه,4600
اربعه الف وسبعميه,4700
اربع الاف وسبعميه,4700
اربعه الف وسبعمائه,4700
اربع الاف وسبعمائه,4700
اربعه الف وثمانميه,4800
اربع الاف وثمانميه,4800
اربعه الف وثمانمائه,4800
اربع الاف وثمانمائه,4800
اربعه الف وتسعميه,4900
اربع الاف وتسعميه,4900
اربعه الف وتسعمائه,4900
اربع الاف وتسعمائه,4900
خمسه الف,5000
خمس الاف,5000
خمسه الف وميه,5100
خمس الاف وميه,5100
خمسه الف ومائه,5100
خمس الاف ومائه,5100
خمسه الف ومائة,5100
خمس الاف ومائة,5100
خمسه الف وميتين,5200
خمس الاف وميتين,5200
خمسه الف ومائتين,5200
خمس الاف ومائتين,5200
خمسه الف ومئتين,5200
خمس الاف ومئتين,5200
خمسه الف وثلاثميه,5300
خمس الاف وثلاثميه,5300
خمسه الف وثلاثمائه,5300
خمس الاف وثلاثمائه,5300
خمسه الف واربعميه,5400
خمس الاف واربعميه,5400
خمسه الف واربعمائه,5400
خمس الاف واربعمائه,5400
خمسه الف وخمسميه,5500
خمس الاف وخمسميه,5500
خمسه الف وخمسمائه,5500
خمس الاف وخمسمائه,5500
خمسه الف وخمس,5500
خمس الاف وخمس,5500
خمسه الف ونص,5500
خمس الاف ونص,5500
خمسه الف وستميه,5600
خمس الاف وستميه,5600
خمسه الف وستمائه,5600
خمس الاف وستمائه,5600
خمسه الف وسبعميه,5700
خمس الاف وسبعميه,5700
خمسه الف وسبعمائه,5700
خمس الاف وسبعمائه,5700
خمسه الف وثمانميه,5800
خمس الاف وثمانميه,5800
خمسه الف وثمانمائه,5800
خمس الاف وثمانمائه,5800
خمسه الف وتسعميه,5900
خمس الاف وتسعميه,5900
خمسه الف وتسعمائه,5900
خمس الاف وتسعمائه,5900
سته الف,6000
ست الاف,6000
سته الف وميه,6100
ست الاف وميه,6100
سته الف ومائه,6100
ست الاف ومائه,6100
سته الف ومائة,6100
ست الاف ومائة,6100
سته الف وميتين,6200
ست الاف وميتين,6200
سته الف ومائتين,6200
ست الاف ومائتين,6200
سته الف ومئتين,6200
ست الاف ومئتين,6200
سته الف وثلاثميه,6300
ست الاف وثلاثميه,6300
سته الف وثلاثمائه,6300
ست الاف وثلاثمائه,6300
سته الف واربعميه,6400
ست الاف واربعميه,6400
سته الف واربعمائه,6400
ست الاف واربعمائه,6400
سته الف وخمسميه,6500
ست الاف وخمسميه,6500
سته الف وخمسمائه,6500
ست الاف وخمسمائه,6500
سته الف وخمس,6500
ست الاف وخمس,6500
سته الف ونص,6500
ست الاف ونص,6500
سته الف وستميه,6600
ست الاف وستميه,6600
سته الف وستمائه,6600
ست الاف وستمائه,6600
سته الف وسبعميه,6700
ست الاف وسبعميه,6700
سته الف وسبعمائه,6700
ست الاف وسبعمائه,6700
سته الف وثمانميه,6800
ست الاف وثمانميه,6800
سته الف وثمانمائه,6800
ست الاف وثمانمائه,6800
سته الف وتسعميه,6900
ست الاف وتسعميه,6900
سته الف وتسعمائه,6900
ست الاف وتسعمائه,6900
سبعه الف,7000
سبع الاف,7000
سبعه الف وميه,7100
سبع الاف وميه,7100
سبعه الف ومائه,7100
سبع الاف ومائه,7100
سبعه الف ومائة,7100
سبع الاف ومائة,7100
سبعه الف وميتين,7200
سبع الاف وميتين,7200
سبعه الف ومائتين,7200
سبع الاف ومائتين,7200
سبعه الف ومئتين,7200
سبع الاف ومئتين,7200
سبعه الف وثلاثميه,7300
سبع الاف وثلاثميه,7300
سبعه الف وثلاثمائه,7300
سبع الاف وثلاثمائه,7300
سبعه الف واربعميه,7400
سبع الاف واربعميه,7400
سبعه الف واربعمائه,7400
سبع الاف واربعمائه,7400
سبعه الف وخمسميه,7500
سبع الاف وخمسميه,7500
سبعه الف وخمسمائه,7500
سبع الاف وخمسمائه,7500
سبعه الف وخمس,7500
سبع الاف وخمس,7500
سبعه الف ونص,7500
سبع الاف ونص,7500
سبعه الف وستميه,7600
سبع الاف وستميه,7600
سبعه الف وستمائه,7600
سبع الاف وستمائه,7600
سبعه الف وسبعميه,7700
سبع الاف وسبعميه,7700
سبعه الف وسبعمائه,7700
سبع الاف وسبعمائه,7700
سبعه الف وثمانميه,7800
سبع الاف وثمانميه,7800
سبعه الف وثمانمائه,7800
سبع الاف وثمانمائه,7800
سبعه الف وتسعميه,7900
سبع الاف وتسعميه,7900
سبعه الف وتسعمائه,7900
سبع الاف وتسعمائه,7900
ثمانيه الف,8000
ثمان الاف,8000
ثمن الاف,8000
ثمانيه الف وميه,8100
ثمان الاف وميه,8100
ثمن الاف وميه,8100
ثمانيه الف ومائه,8100
ثمان الاف ومائه,8100
ثمن الاف ومائه,8100
ثمانيه الف ومائة,8100
ثمان الاف ومائة,8100
ثمن الاف ومائة,8100
ثمانيه الف وميتين,8200
ثمان الاف وميتين,8200
ثمن الاف وميتين,8200
ثمانيه الف ومائتين,8200
ثمان الاف ومائتين,8200
ثمن الاف ومائتين,8200
ثمانيه الف ومئتين,8200
ثمان الاف ومئتين,8200
ثمن الاف ومئتين,8200
ثمانيه الف وثلاثميه,8300
ثمان الاف وثلاثميه,8300
ثمن الاف وثلاثميه,8300
ثمانيه الف وثلاثمائه,8300
ثمان الاف وثلاثمائه,8300
ثمن الاف وثلاثمائه,8300
ثمانيه الف واربعميه,8400
ثمان الاف واربعميه,8400
ثمن الاف واربعميه,8400
ثمانيه الف واربعمائه,8400
ثمان الاف واربعمائه,8400
ثمن الاف واربعمائه,8400
ثمانيه الف وخمسميه,8500
ثمان الاف وخمسميه,8500
ثمن الاف وخمسميه,8500
ثمانيه الف وخمسمائه,8500
ثمان الاف وخمسمائه,8500
ثمن الاف وخمسمائه,8500
ثمانيه الف وخمس,8500
ثمان الاف وخمس,8500
ثمن الاف وخمس,8500
ثمانيه الف ونص,8500
ثمان الاف ونص,8500
ثمن الاف ونص,8500
ثمانيه الف وستميه,8600
ثمان الاف وستميه,8600
ثمن الاف وستميه,8600
ثمانيه الف وستمائه,8600
ثمان الاف وستمائه,8600
ثمن الاف وستمائه,8600
ثمانيه الف وسبعميه,8700
ثمان الاف وسبعميه,8700
ثمن الاف وسبعميه,8700
ثمانيه الف وسبعمائه,8700
ثمان الاف وسبعمائه,8700
ثمن الاف وسبعمائه,8700
ثمانيه الف وثمانميه,8800
ثمان الاف وثمانميه,8800
ثمن الاف وثمانميه,8800
ثمانيه الف وثمانمائه,8800
ثمان الاف وثمانمائه,8800
ثمن الاف وثمانمائه,8800
ثمانيه الف وتسعميه,8900
ثمان الاف وتسعميه,8900
ثمن الاف وتسعميه,8900
ثمانيه الف وتسعمائه,8900
ثمان الاف وتسعمائه,8900
ثمن الاف وتسعمائه,8900
تسعه الف,9000
تسع الاف,9000
تسعه الف وميه,9100
تسع الاف وميه,9100
تسعه الف ومائه,9100
تسع الاف ومائه,9100
تسعه الف ومائة,9100
تسع الاف ومائة,9100
تسعه الف وميتين,9200
تسع الاف وميتين,9200
تسعه الف ومائتين,9200
تسع الاف ومائتين,9200
تسعه الف ومئتين,9200
تسع الاف ومئتين,9200
تسعه الف وثلاثميه,9300
تسع الاف وثلاثميه,9300
تسعه الف وثلاثمائه,9300
تسع الاف وثلاثمائه,9300
تسعه الف واربعميه,9400
تسع الاف واربعميه,9400
تسعه الف واربعمائه,9400
تسع الاف واربعمائه,9400
تسعه الف وخمسميه,9500
تسع الاف وخمسميه,9500
تسعه الف وخمسمائه,9500
تسع الاف وخمسمائه,9500
تسعه الف وخمس,9500
تسع الاف وخمس,9500
تسعه الف ونص,9500
تسع الاف ونص,9500
تسعه الف وستميه,9600
تسع الاف وستميه,9600
تسعه الف وستمائه,9600
تسع الاف وستمائه,9600
تسعه الف وسبعميه,9700
تسع الاف وسبعميه,9700
تسعه الف وسبعمائه,9700
تسع الاف وسبعمائه,9700
تسعه الف وثمانميه,9800
تسع الاف وثمانميه,9800
تسعه الف وثمانمائه,9800
تسع الاف وثمانمائه,9800
تسعه الف وتسعميه,9900
تسع الاف وتسعميه,9900
تسعه الف وتسعمائه,9900
تسع الاف وتسعمائه,9900
عشره الف,10000
عشر الاف,10000
عشره الاف,10000
عشره الف وميه,10100
عشر الاف وميه,10100
عشره الاف ومائه,10100
عشر الاف ومائه,10100
عشره الف ومائة,10100
عشر الاف ومائة,10100
عشره الف وميتين,10200
عشر الاف وميتين,10200
عشره الاف ومائتين,10200
عشر الاف ومائتين,10200
عشره الف ومئتين,10200
عشر الاف ومئتين,10200
عشره الف وثلاثميه,10300
عشر الاف وثلاثميه,10300
عشره الاف وثلاثمائه,10300
عشر الاف وثلاثمائه,10300
عشره الف واربعميه,10400
عشر الاف واربعميه,10400
عشره الاف واربعمائه,10400
عشر الاف واربعمائه,10400
عشره الف وخمسميه,10500
عشر الاف وخمسميه,10500
عشره الاف وخمسمائه,10500
عشر الاف وخمسمائه,10500
عشره الف وخمس,10500
عشر الاف وخمس,10500
عشره الف ونص,10500
عشر الاف ونص,10500
عشره الف وستميه,10600
عشر الاف وستميه,10600
عشره الاف وستمائه,10600
عشر الاف وستمائه,10600
عشره الف وسبعميه,10700
عشر الاف وسبعميه,10700
عشره الاف وسبعمائه,10700
عشر الاف وسبعمائه,10700
عشره الف وثمانميه,10800
عشر الاف وثمانميه,10800
عشره الاف وثمانمائه,10800
عشر الاف وثمانمائه,10800
عشره الف وتسعميه,10900
عشر الاف وتسعميه,10900
عشره الاف وتسعمائه,10900
عشر الاف وتسعمائه,10900
حداعشر الف,11000
احدعشر الف,11000
احد عشر الف,11000
احدى عشر الف,11000
حداعشر الف وميه,11100
احدعشر الف وميه,11100
احد عشر الف وميه,11100
احدى عشر الف وميه,11100
حداعشر الف ومائه,11100
احدعشر الف ومائه,11100
احد عشر الف ومائه,11100
احدى عشر الف ومائه,11100
حداعشر الف ومائة,11100
احدعشر الف ومائة,11100
احد عشر الف ومائة,11100
احدى عشر الف ومائة,11100
حداعشر الف وميتين,11200
احدعشر الف وميتين,11200
احد عشر الف وميتين,11200
احدى عشر الف وميتين,11200
حداعشر الف ومائتين,11200
احدعشر الف ومائتين,11200
احد عشر الف ومائتين,11200
احدى عشر الف ومائتين,11200
حداعشر الف ومئتين,11200
احدعشر الف ومئتين,11200
احد عشر الف ومئتين,11200
احدى عشر الف ومئتين,11200
حداعشر الف وثلاثميه,11300
احدعشر الف وثلاثميه,11300
احد عشر الف وثلاثميه,11300
احدى عشر الف وثلاثميه,11300
حداعشر الف وثلاث ميه,11300
احدعشر الف وثلاث ميه,11300
احد عشر الف وثلاث ميه,11300
احدى عشر الف وثلاث ميه,11300
حداعشر الف وثلاثمائه,11300
احدعشر الف وثلاثمائه,11300
احد عشر الف وثلاثمائه,11300
احدى عشر الف وثلاثمائه,11300
حداعشر الف وثلاث مائه,11300
احدعشر الف وثلاث مائه,11300
احد عشر الف وثلاث مائه,11300
احدى عشر الف وثلاث مائه,11300
حداعشر الف واربعميه,11400
احدعشر الف واربعميه,11400
احد عشر الف واربعميه,11400
احدى عشر الف واربعميه,11400
حداعشر الف واربع ميه,11400
احدعشر الف واربع ميه,11400
احد عشر الف واربع ميه,11400
احدى عشر الف واربع ميه,11400
حداعشر الف واربعمائه,11400
احدعشر الف واربعمائه,11400
احد عشر الف واربعمائه,11400
احدى عشر الف واربعمائه,11400
حداعشر الف واربع مائه,11400
احدعشر الف واربع مائه,11400
احد عشر الف واربع مائه,11400
احدى عشر الف واربع مائه,11400
حداعشر الف وخمسميه,11500
احدعشر الف وخمسميه,11500
احد عشر الف وخمسميه,11500
احدى عشر الف وخمسميه,11500
حداعشر الف وخمس ميه,11500
احدعشر الف وخمس ميه,11500
احد عشر الف وخمس ميه,11500
احدى عشر الف وخمس ميه,11500
حداعشر الف وخمسمائه,11500
احدعشر الف وخمسمائه,11500
احد عشر الف وخمسمائه,11500
احدى عشر الف وخمسمائه,11500
حداعشر الف وخمس مائه,11500
احدعشر الف وخمس مائه,11500
احد عشر الف وخمس مائه,11500
احدى عشر الف وخمس مائه,11500
حداعشر الف وستميه,11600
احدعشر الف وستميه,11600
احد عشر الف وستميه,11600
احدى عشر الف وستميه,11600
حداعشر الف وست ميه,11600
احدعشر الف وست ميه,11600
احد عشر الف وست ميه,11600
احدى عشر الف وست ميه,11600
حداعشر الف وستمائه,11600
احدعشر الف وستمائه,11600
احد عشر الف وستمائه,11600
احدى عشر الف وستمائه,11600
حداعشر الف وست مائه,11600
احدعشر الف وست مائه,11600
احد عشر الف وست مائه,11600
احدى عشر الف وست مائه,11600
حداعشر الف وسبعميه,11700
احدعشر الف وسبعميه,11700
احد عشر الف وسبعميه,11700
احدى عشر الف وسبعميه,11700
حداعشر الف وسبع ميه,11700
احدعشر الف وسبع ميه,11700
احد عشر الف وسبع ميه,11700
احدى عشر الف وسبع ميه,11700
حداعشر الف وسبعمائه,11700
احدعشر الف وسبعمائه,11700
احد عشر الف وسبعمائه,11700
احدى عشر الف وسبعمائه,11700
حداعشر الف وسبع مائه,11700
احدعشر الف وسبع مائه,11700
احد عشر الف وسبع مائه,11700
احدى عشر الف وسبع مائه,11700
حداعشر الف وثمانميه,11800
احدعشر الف وثمانميه,11800
احد عشر الف وثمانميه,11800
احدى عشر الف وثمانميه,11800
حداعشر الف وثمان ميه,11800
احدعشر الف وثمان ميه,11800
احد عشر الف وثمان ميه,11800
احدى عشر الف وثمان ميه,11800
حداعشر الف وثمانمائه,11800
احدعشر الف وثمانمائه,11800
احد عشر الف وثمانمائه,11800
احدى عشر الف وثمانمائه,11800
حداعشر الف وثمان مائه,11800
احدعشر الف وثمان مائه,11800
احد عشر الف وثمان مائه,11800
احدى عشر الف وثمان مائه,11800
حداعشر الف وتسعميه,11900
احدعشر الف وتسعميه,11900
احد عشر الف وتسعميه,11900
احدى عشر الف وتسعميه,11900
حداعشر الف وتسع ميه,11900
احدعشر الف وتسع ميه,11900
احد عشر الف وتسع ميه,11900
احدى عشر الف وتسع ميه,11900
حداعشر الف وتسعمائه,11900
احدعشر الف وتسعمائه,11900
احد عشر الف وتسعمائه,11900
احدى عشر الف وتسعمائه,11900
حداعشر الف وتسع مائه,11900
احدعشر الف وتسع مائه,11900
احد عشر الف وتسع مائه,11900
احدى عشر الف وتسع مائه,11900
اثناعشر الف,12000
اثني عشر الف,12000
اثناعشر الف وميه,12100
اثني عشر الف وميه,12100
اثناعشر الف ومائه,12100
اثني عشر الف ومائه,12100
اثناعشر الف ومائة,12100
اثني عشر الف ومائة,12100
اثناعشر الف وميتين,12200
اثني عشر الف وميتين,12200
اثناعشر الف ومائتين,12200
اثني عشر الف ومائتين,12200
اثناعشر الف ومئتين,12200
اثني عشر الف ومئتين,12200
اثناعشر الف وثلاثميه,12300
اثني عشر الف وثلاثميه,12300
اثناعشر الف وثلاث ميه,12300
اثني عشر الف وثلاث ميه,12300
اثناعشر الف وثلاثمائه,12300
اثني عشر الف وثلاثمائه,12300
اثناعشر الف وثلاث مائه,12300
اثني عشر الف وثلاث مائه,12300
اثناعشر الف واربعميه,12400
اثني عشر الف واربعميه,12400
اثناعشر الف واربع ميه,12400
اثني عشر الف واربع ميه,12400
اثناعشر الف واربعمائه,12400
اثني عشر الف واربعمائه,12400
اثناعشر الف واربع مائه,12400
اثني عشر الف واربع مائه,12400
اثناعشر الف وخمسميه,12500
اثني عشر الف وخمسميه,12500
اثناعشر الف وخمس ميه,12500
اثني عشر الف وخمس ميه,12500
اثناعشر الف وخمسمائه,12500
اثني عشر الف وخمسمائه,12500
اثناعشر الف وخمس مائه,12500
اثني عشر الف وخمس مائه,12500
اثناعشر الف وستميه,12600
اثني عشر الف وستميه,12600
اثناعشر الف وست ميه,12600
اثني عشر الف وست ميه,12600
اثناعشر الف وستمائه,12600
اثني عشر الف وستمائه,12600
اثناعشر الف وست مائه,12600
اثني عشر الف وست مائه,12600
اثناعشر الف وسبعميه,12700
اثني عشر الف وسبعميه,12700
اثناعشر الف وسبع ميه,12700
اثني عشر الف وسبع ميه,12700
اثناعشر الف وسبعمائه,12700
اثني عشر الف وسبعمائه,12700
اثناعشر الف وسبع مائه,12700
اثني عشر الف وسبع مائه,12700
اثناعشر الف وثمانميه,12800
اثني عشر الف وثمانميه,12800
اثناعشر الف وثمان ميه,12800
اثني عشر الف وثمان ميه,12800
اثناعشر الف وثمانمائه,12800
اثني عشر الف وثمانمائه,12800
اثناعشر الف وثمان مائه,12800
اثني عشر الف وثمان مائه,12800
اثناعشر الف وتسعميه,12900
اثني عشر الف وتسعميه,12900
اثناعشر الف وتسع ميه,12900
اثني عشر الف وتسع ميه,12900
اثناعشر الف وتسعمائه,12900
اثني عشر الف وتسعمائه,12900
اثناعشر الف وتسع مائه,12900
اثني عشر الف وتسع مائه,12900 
ثلاثه عشر الف,13000
ثلاث عشر الف,13000
ثلاثه عشر الف وميه,13100
ثلاث عشر الف وميه,13100
ثلاثه عشر الف ومائه,13100
ثلاث عشر الف ومائه,13100
ثلاثه عشر الف ومائة,13100
ثلاث عشر الف ومائة,13100
ثلاثه عشر الف وميتين,13200
ثلاث عشر الف وميتين,13200
ثلاثه عشر الف ومائتين,13200
ثلاث عشر الف ومائتين,13200
ثلاثه عشر الف ومئتين,13200
ثلاث عشر الف ومئتين,13200
ثلاثه عشر الف وثلاثميه,13300
ثلاث عشر الف وثلاثميه,13300
ثلاثه عشر الف وثلاث ميه,13300
ثلاث عشر الف وثلاث ميه,13300
ثلاثه عشر الف وثلاثمائه,13300
ثلاث عشر الف وثلاثمائه,13300
ثلاثه عشر الف وثلاث مائه,13300
ثلاث عشر الف وثلاث مائه,13300
ثلاثه عشر الف واربعميه,13400
ثلاث عشر الف واربعميه,13400
ثلاثه عشر الف واربع ميه,13400
ثلاث عشر الف واربع ميه,13400
ثلاثه عشر الف واربعمائه,13400
ثلاث عشر الف واربعمائه,13400
ثلاثه عشر الف واربع مائه,13400
ثلاث عشر الف واربع مائه,13400
ثلاثه عشر الف وخمسميه,13500
ثلاث عشر الف وخمسميه,13500
ثلاثه عشر الف وخمس ميه,13500
ثلاث عشر الف وخمس ميه,13500
ثلاثه عشر الف وخمسمائه,13500
ثلاث عشر الف وخمسمائه,13500
ثلاثه عشر الف وخمس مائه,13500
ثلاث عشر الف وخمس مائه,13500
ثلاثه عشر الف وستميه,13600
ثلاث عشر الف وستميه,13600
ثلاثه عشر الف وست ميه,13600
ثلاث عشر الف وست ميه,13600
ثلاثه عشر الف وستمائه,13600
ثلاث عشر الف وستمائه,13600
ثلاثه عشر الف وست مائه,13600
ثلاث عشر الف وست مائه,13600
ثلاثه عشر الف وسبعميه,13700
ثلاث عشر الف وسبعميه,13700
ثلاثه عشر الف وسبع ميه,13700
ثلاث عشر الف وسبع ميه,13700
ثلاثه عشر الف وسبعمائه,13700
ثلاث عشر الف وسبعمائه,13700
ثلاثه عشر الف وسبع مائه,13700
ثلاث عشر الف وسبع مائه,13700
ثلاثه عشر الف وثمانميه,13800
ثلاث عشر الف وثمانميه,13800
ثلاثه عشر الف وثمان ميه,13800
ثلاث عشر الف وثمان ميه,13800
ثلاثه عشر الف وثمانمائه,13800
ثلاث عشر الف وثمانمائه,13800
ثلاثه عشر الف وثمان مائه,13800
ثلاث عشر الف وثمان مائه,13800
ثلاثه عشر الف وتسعميه,13900
ثلاث عشر الف وتسعميه,13900
ثلاثه عشر الف وتسع ميه,13900
ثلاث عشر الف وتسع ميه,13900
ثلاثه عشر الف وتسعمائه,13900
ثلاث عشر الف وتسعمائه,13900
ثلاثه عشر الف وتسع مائه,13900
ثلاث عشر الف وتسع مائه,13900
اربعه عشر الف,14000
اربع عشر الف,14000
اربعه عشر الف وميه,14100
اربع عشر الف وميه,14100
اربعه عشر الف ومائه,14100
اربع عشر الف ومائه,14100
اربعه عشر الف ومائة,14100
اربع عشر الف ومائة,14100
اربعه عشر الف وميتين,14200
اربع عشر الف وميتين,14200
اربعه عشر الف ومائتين,14200
اربع عشر الف ومائتين,14200
اربعه عشر الف ومئتين,14200
اربع عشر الف ومئتين,14200
اربعه عشر الف وثلاثميه,14300
اربع عشر الف وثلاثميه,14300
اربعه عشر الف وثلاث ميه,14300
اربع عشر الف وثلاث ميه,14300
اربعه عشر الف وثلاثمائه,14300
اربع عشر الف وثلاثمائه,14300
اربعه عشر الف وثلاث مائه,14300
اربع عشر الف وثلاث مائه,14300
اربعه عشر الف واربعميه,14400
اربع عشر الف واربعميه,14400
اربعه عشر الف واربع ميه,14400
اربع عشر الف واربع ميه,14400
اربعه عشر الف واربعمائه,14400
اربع عشر الف واربعمائه,14400
اربعه عشر الف واربع مائه,14400
اربع عشر الف واربع مائه,14400
اربعه عشر الف وخمسميه,14500
اربع عشر الف وخمسميه,14500
اربعه عشر الف وخمس ميه,14500
اربع عشر الف وخمس ميه,14500
اربعه عشر الف وخمسمائه,14500
اربع عشر الف وخمسمائه,14500
اربعه عشر الف وخمس مائه,14500
اربع عشر الف وخمس مائه,14500
اربعه عشر الف وستميه,14600
اربع عشر الف وستميه,14600
اربعه عشر الف وست ميه,14600
اربع عشر الف وست ميه,14600
اربعه عشر الف وستمائه,14600
اربع عشر الف وستمائه,14600
اربعه عشر الف وست مائه,14600
اربع عشر الف وست مائه,14600
اربعه عشر الف وسبعميه,14700
اربع عشر الف وسبعميه,14700
اربعه عشر الف وسبع ميه,14700
اربع عشر الف وسبع ميه,14700
اربعه عشر الف وسبعمائه,14700
اربع عشر الف وسبعمائه,14700
اربعه عشر الف وسبع مائه,14700
اربع عشر الف وسبع مائه,14700
اربعه عشر الف وثمانميه,14800
اربع عشر الف وثمانميه,14800
اربعه عشر الف وثمان ميه,14800
اربع عشر الف وثمان ميه,14800
اربعه عشر الف وثمانمائه,14800
اربع عشر الف وثمانمائه,14800
اربعه عشر الف وثمان مائه,14800
اربع عشر الف وثمان مائه,14800
اربعه عشر الف وتسعميه,14900
arبع عشر الف وتسعميه,14900
اربعه عشر الف وتسع ميه,14900
اربع عشر الف وتسع ميه,14900
اربعه عشر الف وتسعمائه,14900
اربع عشر الف وتسعمائه,14900
اربعه عشر الف وتسع مائه,14900
اربع عشر الف وتسع مائه,14900
خمسه عشر الف,15000
خمس عشر الف,15000
خمسه عشر الف وميه,15100
خمس عشر الف وميه,15100
خمسه عشر الف ومائه,15100
خمس عشر الف ومائه,15100
خمسه عشر الف ومائة,15100
خمس عشر الف ومائة,15100
خمسه عشر الف وميتين,15200
خمس عشر الف وميتين,15200
خمسه عشر الف ومائتين,15200
خمس عشر الف ومائتين,15200
خمسه عشر الف ومئتين,15200
خمس عشر الف ومئتين,15200
خمسه عشر الف وثلاثميه,15300
خمس عشر الف وثلاثميه,15300
خمسه عشر الف وثلاث ميه,15300
خمس عشر الف وثلاث ميه,15300
خمسه عشر الف وثلاثمائه,15300
خمس عشر الف وثلاثمائه,15300
خمسه عشر الف وثلاث مائه,15300
خمس عشر الف وثلاث مائه,15300
خمسه عشر الف واربعميه,15400
خمس عشر الف واربعميه,15400
خمسه عشر الف واربع ميه,15400
خمس عشر الف واربع ميه,15400
خمسه عشر الف واربعمائه,15400
خمس عشر الف واربعمائه,15400
خمسه عشر الف واربع مائه,15400
خمس عشر الف واربع مائه,15400
خمسه عشر الف وخمسميه,15500
خمس عشر الف وخمسميه,15500
خمسه عشر الف وخمس ميه,15500
خمس عشر الف وخمس ميه,15500
خمسه عشر الف وخمسمائه,15500
خمس عشر الف وخمسمائه,15500
خمسه عشر الف وخمس مائه,15500
خمس عشر الف وخمس مائه,15500
خمسه عشر الف وستميه,15600
خمس عشر الف وستميه,15600
خمسه عشر الف وست ميه,15600
خمس عشر الف وست ميه,15600
خمسه عشر الف وستمائه,15600
خمس عشر الف وستمائه,15600
خمسه عشر الف وست مائه,15600
خمس عشر الف وست مائه,15600
خمسه عشر الف وسبعميه,15700
خمس عشر الف وسبعميه,15700
خمسه عشر الف وسبع ميه,15700
خمس عشر الف وسبع ميه,15700
خمسه عشر الف وسبعمائه,15700
خمس عشر الف وسبعمائه,15700
خمسه عشر الف وسبع مائه,15700
خمس عشر الف وسبع مائه,15700
خمسه عشر الف وثمانميه,15800
خمس عشر الف وثمانميه,15800
خمسه عشر الف وثمان ميه,15800
خمس عشر الف وثمان ميه,15800
خمسه عشر الف وثمانمائه,15800
خمس عشر الف وثمانمائه,15800
خمسه عشر الف وثمان مائه,15800
خمس عشر الف وثمان مائه,15800
خمسه عشر الف وتسعميه,15900
خمس عشر الف وتسعميه,15900
خمسه عشر الف وتسع ميه,15900
خمس عشر الف وتسع ميه,15900
خمسه عشر الف وتسعمائه,15900
خمس عشر الف وتسعمائه,15900
خمسه عشر الف وتسع مائه,15900
خمس عشر الف وتسع مائه,15900
سته عشر الف,16000
ست عشر الف,16000
سته عشر الف وميه,16100
ست عشر الف وميه,16100
سته عشر الف ومائه,16100
ست عشر الف ومائه,16100
سته عشر الف ومائة,16100
ست عشر الف ومائة,16100
سته عشر الف وميتين,16200
ست عشر الف وميتين,16200
سته عشر الف ومائتين,16200
ست عشر الف ومائتين,16200
سته عشر الف ومئتين,16200
ست عشر الف ومئتين,16200
سته عشر الف وثلاثميه,16300
ست عشر الف وثلاثميه,16300
سته عشر الف وثلاث ميه,16300
ست عشر الف وثلاث ميه,16300
سته عشر الف وثلاثمائه,16300
ست عشر الف وثلاثمائه,16300
سته عشر الف وثلاث مائه,16300
ست عشر الف وثلاث مائه,16300
سته عشر الف واربعميه,16400
ست عشر الف واربعميه,16400
سته عشر الف واربع ميه,16400
ست عشر الف واربع ميه,16400
سته عشر الف واربعمائه,16400
ست عشر الف واربعمائه,16400
سته عشر الف واربع مائه,16400
ست عشر الف واربع مائه,16400
سته عشر الف وخمسميه,16500
ست عشر الف وخمسميه,16500
سته عشر الف وخمس ميه,16500
ست عشر الف وخمس ميه,16500
سته عشر الف وخمسمائه,16500
ست عشر الف وخمسمائه,16500
سته عشر الف وخمس مائه,16500
ست عشر الف وخمس مائه,16500
سته عشر الف وستميه,16600
ست عشر الف وستميه,16600
سته عشر الف وست ميه,16600
ست عشر الف وست ميه,16600
سته عشر الف وستمائه,16600
ست عشر الف وستمائه,16600
سته عشر الف وست مائه,16600
ست عشر الف وست مائه,16600
سته عشر الف وسبعميه,16700
ست عشر الف وسبعميه,16700
سته عشر الف وسبع ميه,16700
ست عشر الف وسبع ميه,16700
سته عشر الف وسبعمائه,16700
ست عشر الف وسبعمائه,16700
سته عشر الف وسبع مائه,16700
ست عشر الف وسبع مائه,16700
سته عشر الف وثمانميه,16800
ست عشر الف وثمانميه,16800
سته عشر الف وثمان ميه,16800
ست عشر الف وثمان ميه,16800
سته عشر الف وثمانمائه,16800
ست عشر الف وثمانمائه,16800
سته عشر الف وثمان مائه,16800
ست عشر الف وثمان مائه,16800
سته عشر الف وتسعميه,16900
ست عشر الف وتسعميه,16900
سته عشر الف وتسع ميه,16900
ست عشر الف وتسع ميه,16900
سته عشر الف وتسعمائه,16900
ست عشر الف وتسعمائه,16900
سته عشر الف وتسع مائه,16900
ست عشر الف وتسع مائه,16900
سبعه عشر الف,17000
سبع عشر الف,17000
سبعه عشر الف وميه,17100
سبع عشر الف وميه,17100
سبعه عشر الف ومائه,17100
سبع عشر الف ومائه,17100
سبعه عشر الف ومائة,17100
سبع عشر الف ومائة,17100
سبعه عشر الف وميتين,17200
سبع عشر الف وميتين,17200
سبعه عشر الف ومائتين,17200
سبع عشر الف ومائتين,17200
سبعه عشر الف ومئتين,17200
سبع عشر الف ومئتين,17200
سبعه عشر الف وثلاثميه,17300
سبع عشر الف وثلاثميه,17300
سبعه عشر الف وثلاث ميه,17300
سبع عشر الف وثلاث ميه,17300
سبعه عشر الف وثلاثمائه,17300
سبع عشر الف وثلاثمائه,17300
سبعه عشر الف وثلاث مائه,17300
سبع عشر الف وثلاث مائه,17300
سبعه عشر الف واربعميه,17400
سبع عشر الف واربعميه,17400
سبعه عشر الف واربع ميه,17400
سبع عشر الف واربع ميه,17400
سبعه عشر الف واربعمائه,17400
سبع عشر الف واربعمائه,17400
سبعه عشر الف واربع مائه,17400
سبع عشر الف واربع مائه,17400
سبعه عشر الف وخمسميه,17500
سبع عشر الف وخمسميه,17500
سبعه عشر الف وخمس ميه,17500
سبع عشر الف وخمس ميه,17500
سبعه عشر الف وخمسمائه,17500
سبع عشر الف وخمسمائه,17500
سبعه عشر الف وخمس مائه,17500
سبع عشر الف وخمس مائه,17500
سبعه عشر الف وستميه,17600
سبع عشر الف وستميه,17600
سبعه عشر الف وست ميه,17600
سبع عشر الف وست ميه,17600
سبعه عشر الف وستمائه,17600
سبع عشر الف وستمائه,17600
سبعه عشر الف وست مائه,17600
سبع عشر الف وست مائه,17600
سبعه عشر الف وسبعميه,17700
سبع عشر الف وسبعميه,17700
سبعه عشر الف وسبع ميه,17700
سبع عشر الف وسبع ميه,17700
سبعه عشر الف وسبعمائه,17700
سبع عشر الف وسبعمائه,17700
سبعه عشر الف وسبع مائه,17700
سبع عشر الف وسبع مائه,17700
سبعه عشر الف وثمانميه,17800
سبع عشر الف وثمانميه,17800
سبعه عشر الف وثمان ميه,17800
سبع عشر الف وثمان ميه,17800
سبعه عشر الف وثمانمائه,17800
سبع عشر الف وثمانمائه,17800
سبعه عشر الف وثمان مائه,17800
سبع عشر الف وثمان مائه,17800
سبعه عشر الف وتسعميه,17900
سبع عشر الف وتسعميه,17900
سبعه عشر الف وتسع ميه,17900
سبع عشر الف وتسع ميه,17900
سبعه عشر الف وتسعمائه,17900
سبع عشر الف وتسعمائه,17900
سبعه عشر الف وتسع مائه,17900
سبع عشر الف وتسع مائه,17900
ثمانيه عشر الف,18000
ثمان عشر الف,18000
ثمانيه عشر الف وميه,18100
ثمان عشر الف وميه,18100
ثمانيه عشر الف ومائه,18100
ثمان عشر الف ومائه,18100
ثمانيه عشر الف ومائة,18100
ثمان عشر الف ومائة,18100
ثمانيه عشر الف وميتين,18200
ثمان عشر الف وميتين,18200
ثمانيه عشر الف ومائتين,18200
ثمان عشر الف ومائتين,18200
ثمانيه عشر الف ومئتين,18200
ثمان عشر الف ومئتين,18200
ثمانيه عشر الف وثلاثميه,18300
ثمان عشر الف وثلاثميه,18300
ثمانيه عشر الف وثلاث ميه,18300
ثمان عشر الف وثلاث ميه,18300
ثمانيه عشر الف وثلاثمائه,18300
ثمان عشر الف وثلاثمائه,18300
ثمانيه عشر الف وثلاث مائه,18300
ثمان عشر الف وثلاث مائه,18300
ثمانيه عشر الف واربعميه,18400
ثمان عشر الف واربعميه,18400
ثمانيه عشر الف واربع ميه,18400
ثمان عشر الف واربع ميه,18400
ثمانيه عشر الف واربعمائه,18400
ثمان عشر الف واربعمائه,18400
ثمانيه عشر الف واربع مائه,18400
ثمان عشر الف واربع مائه,18400
ثمانيه عشر الف وخمسميه,18500
ثمان عشر الف وخمسميه,18500
ثمانيه عشر الف وخمس ميه,18500
ثمان عشر الف وخمس ميه,18500
ثمانيه عشر الف وخمسمائه,18500
ثمان عشر الف وخمسمائه,18500
ثمانيه عشر الف وخمس مائه,18500
ثمان عشر الف وخمس مائه,18500
ثمانيه عشر الف وستميه,18600
ثمان عشر الف وستميه,18600
ثمانيه عشر الف وست ميه,18600
ثمان عشر الف وست ميه,18600
ثمانيه عشر الف وستمائه,18600
ثمان عشر الف وستمائه,18600
ثمانيه عشر الف وست مائه,18600
ثمان عشر الف وست مائه,18600
ثمانيه عشر الف وسبعميه,18700
ثمان عشر الف وسبعميه,18700
ثمانيه عشر الف وسبع ميه,18700
ثمان عشر الف وسبع ميه,18700
ثمانيه عشر الف وسبعمائه,18700
ثمان عشر الف وسبعمائه,18700
ثمانيه عشر الف وسبع مائه,18700
ثمان عشر الف وسبع مائه,18700
ثمانيه عشر الف وثمانميه,18800
ثمان عشر الف وثمانميه,18800
ثمانيه عشر الف وثمان ميه,18800
ثمان عشر الف وثمان ميه,18800
ثمانيه عشر الف وثمانمائه,18800
ثمان عشر الف وثمانمائه,18800
ثمانيه عشر الف وثمان مائه,18800
ثمان عشر الف وثمان مائه,18800
ثمانيه عشر الف وتسعميه,18900
ثمان عشر الف وتسعميه,18900
ثمانيه عشر الف وتسع ميه,18900
ثمان عشر الف وتسع ميه,18900
ثمانيه عشر الف وتسعمائه,18900
ثمان عشر الف وتسعمائه,18900
ثمانيه عشر الف وتسع مائه,18900
ثمان عشر الف وتسع مائه,18900
تسعه عشر الف,19000
تسع عشر الف,19000
تسعه عشر الف وميه,19100
تسع عشر الف وميه,19100
تسعه عشر الف ومائه,19100
تسع عشر الف ومائه,19100
تسعه عشر الف ومائة,19100
تسع عشر الف ومائة,19100
تسعه عشر الف وميتين,19200
تسع عشر الف وميتين,19200
تسعه عشر الف ومائتين,19200
تسع عشر الف ومائتين,19200
تسعه عشر الف ومئتين,19200
تسع عشر الف ومئتين,19200
تسعه عشر الف وثلاثميه,19300
تسع عشر الف وثلاثميه,19300
تسعه عشر الف وثلاث ميه,19300
تسع عشر الف وثلاث ميه,19300
تسعه عشر الف وثلاثمائه,19300
تسع عشر الف وثلاثمائه,19300
تسعه عشر الف وثلاث مائه,19300
تسع عشر الف وثلاث مائه,19300
تسعه عشر الف واربعميه,19400
تسع عشر الف واربعميه,19400
تسعه عشر الف واربع ميه,19400
تسع عشر الف واربع ميه,19400
تسعه عشر الف واربعمائه,19400
تسع عشر الف واربعمائه,19400
تسعه عشر الف واربع مائه,19400
تسع عشر الف واربع مائه,19400
تسعه عشر الف وخمسميه,19500
تسع عشر الف وخمسميه,19500
تسعه عشر الف وخمس ميه,19500
تسع عشر الف وخمس ميه,19500
تسعه عشر الف وخمسمائه,19500
تسع عشر الف وخمسمائه,19500
تسعه عشر الف وخمس مائه,19500
تسع عشر الف وخمس مائه,19500
تسعه عشر الف وستميه,19600
تسع عشر الف وستميه,19600
تسعه عشر الف وست ميه,19600
تسع عشر الف وست ميه,19600
تسعه عشر الف وستمائه,19600
تسع عشر الف وستمائه,19600
تسعه عشر الف وست مائه,19600
تسع عشر الف وست مائه,19600
تسعه عشر الف وسبعميه,19700
تسع عشر الف وسبعميه,19700
تسعه عشر الف وسبع ميه,19700
تسع عشر الف وسبع ميه,19700
تسعه عشر الف وسبعمائه,19700
تسع عشر الف وسبعمائه,19700
تسعه عشر الف وسبع مائه,19700
تسع عشر الف وسبع مائه,19700
تسعه عشر الف وثمانميه,19800
تسع عشر الف وثمانميه,19800
تسعه عشر الف وثمان ميه,19800
تسع عشر الف وثمان ميه,19800
تسعه عشر الف وثمانمائه,19800
تسع عشر الف وثمانمائه,19800
تسعه عشر الف وثمان مائه,19800
تسع عشر الف وثمان مائه,19800
تسعه عشر الف وتسعميه,19900
تسع عشر الف وتسعميه,19900
تسعه عشر الف وتسع ميه,19900
تسع عشر الف وتسع ميه,19900
تسعه عشر الف وتسعمائه,19900
تسع عشر الف وتسعمائه,19900
تسعه عشر الف وتسع مائه,19900
تسع عشر الف وتسع مائه,19900
عشرين الف,20000
عشرون الف,20000
عشرين الف وميه,20100
عشرون الف وميه,20100
عشرين الف ومائه,20100
عشرون الف ومائه,20100
عشرين الف ومائة,20100
عشرون الف ومائة,20100
عشرين الف وميتين,20200
عشرون الف وميتين,20200
عشرين الف ومائتين,20200
عشرون الف ومائتين,20200
عشرين الف ومئتين,20200
عشرون الف ومئتين,20200
عشرين الف وثلاثميه,20300
عشرون الف وثلاثميه,20300
عشرين الف وثلاث ميه,20300
عشرون الف وثلاث ميه,20300
عشرين الف وثلاثمائه,20300
عشرون الف وثلاثمائه,20300
عشرين الف وثلاث مائه,20300
عشرون الف وثلاث مائه,20300
عشرين الف واربعميه,20400
عشرون الف واربعميه,20400
عشرين الف واربع ميه,20400
عشرون الف واربع ميه,20400
عشرين الف واربعمائه,20400
عشرون الف واربعمائه,20400
عشرين الف واربع مائه,20400
عشرون الف واربع مائه,20400
عشرين الف وخمسميه,20500
عشرون الف وخمسميه,20500
عشرين الف وخمس ميه,20500
عشرون الف وخمس ميه,20500
عشرين الف وخمسمائه,20500
عشرون الف وخمسمائه,20500
عشرين الف وخمس مائه,20500
عشرون الف وخمس مائه,20500
عشرين الف وستميه,20600
عشرون الف وستميه,20600
عشرين الف وست ميه,20600
عشرون الف وست ميه,20600
عشرين الف وستمائه,20600
عشرون الف وستمائه,20600
عشرين الف وست مائه,20600
عشرون الف وست مائه,20600
عشرين الف وسبعميه,20700
عشرون الف وسبعميه,20700
عشرين الف وسبع ميه,20700
عشرون الف وسبع ميه,20700
عشرين الف وسبعمائه,20700
عشرون الف وسبعمائه,20700
عشرين الف وسبع مائه,20700
عشرون الف وسبع مائه,20700
عشرين الف وثمانميه,20800
عشرون الف وثمانميه,20800
عشرين الف وثمان ميه,20800
عشرون الف وثمان ميه,20800
عشرين الف وثمانمائه,20800
عشرون الف وثمانمائه,20800
عشرين الف وثمان مائه,20800
عشرون الف وثمان مائه,20800
عشرين الف وتسعميه,20900
عشرون الف وتسعميه,20900
عشرين الف وتسع ميه,20900
عشرون الف وتسع ميه,20900
عشرين الف وتسعمائه,20900
عشرون الف وتسعمائه,20900
عشرين الف وتسع مائه,20900
عشرون الف وتسع مائه,20900
واحد وعشرين الف,21000
واحد وعشرون الف,21000
احد وعشرين الف,21000
احد وعشرون الف,21000
واحد وعشرين الف وميه,21100
واحد وعشرون الف وميه,21100
احد وعشرين الف وميه,21100
احد وعشرون الف وميه,21100
واحد وعشرين الف ومائه,21100
واحد وعشرون الف ومائه,21100
احد وعشرين الف ومائه,21100
احد وعشرون الف ومائه,21100
واحد وعشرين الف ومائة,21100
واحد وعشرون الف ومائة,21100
احد وعشرين الف ومائة,21100
احد وعشرون الف ومائة,21100
واحد وعشرين الف وميتين,21200
واحد وعشرون الف وميتين,21200
احد وعشرين الف وميتين,21200
احد وعشرون الف وميتين,21200
واحد وعشرين الف ومائتين,21200
واحد وعشرون الف ومائتين,21200
احد وعشرين الف ومائتين,21200
احد وعشرون الف ومائتين,21200
واحد وعشرين الف ومئتين,21200
واحد وعشرون الف ومئتين,21200
احد وعشرين الف ومئتين,21200
احد وعشرون الف ومئتين,21200
واحد وعشرين الف وثلاثميه,21300
واحد وعشرون الف وثلاثميه,21300
احد وعشرين الف وثلاثميه,21300
احد وعشرون الف وثلاثميه,21300
واحد وعشرين الف وثلاث ميه,21300
واحد وعشرون الف وثلاث ميه,21300
احد وعشرين الف وثلاث ميه,21300
احد وعشرون الف وثلاث ميه,21300
واحد وعشرين الف وثلاثمائه,21300
واحد وعشرون الف وثلاثمائه,21300
احد وعشرين الف وثلاثمائه,21300
احد وعشرون الف وثلاثمائه,21300
واحد وعشرين الف وثلاث مائه,21300
واحد وعشرون الف وثلاث مائه,21300
احد وعشرين الف وثلاث مائه,21300
احد وعشرون الف وثلاث مائه,21300
واحد وعشرين الف واربعميه,21400
واحد وعشرون الف واربعميه,21400
احد وعشرين الف واربعميه,21400
احد وعشرون الف واربعميه,21400
واحد وعشرين الف واربع ميه,21400
واحد وعشرون الف واربع ميه,21400
احد وعشرين الف واربع ميه,21400
احد وعشرون الف واربع ميه,21400
واحد وعشرين الف واربعمائه,21400
واحد وعشرون الف واربعمائه,21400
احد وعشرين الف واربعمائه,21400
احد وعشرون الف واربعمائه,21400
واحد وعشرين الف واربع مائه,21400
واحد وعشرون الف واربع مائه,21400
احد وعشرين الف واربع مائه,21400
احد وعشرون الف واربع مائه,21400
واحد وعشرين الف وخمسميه,21500
واحد وعشرون الف وخمسميه,21500
احد وعشرين الف وخمسميه,21500
احد وعشرون الف وخمسميه,21500
واحد وعشرين الف وخمس ميه,21500
واحد وعشرون الف وخمس ميه,21500
احد وعشرين الف وخمس ميه,21500
احد وعشرون الف وخمس ميه,21500
واحد وعشرين الف وخمسمائه,21500
واحد وعشرون الف وخمسمائه,21500
احد وعشرين الف وخمسمائه,21500
احد وعشرون الف وخمسمائه,21500
واحد وعشرين الف وخمس مائه,21500
واحد وعشرون الف وخمس مائه,21500
احد وعشرين الف وخمس مائه,21500
احد وعشرون الف وخمس مائه,21500
واحد وعشرين الف وستميه,21600
واحد وعشرون الف وستميه,21600
احد وعشرين الف وستميه,21600
احد وعشرون الف وستميه,21600
واحد وعشرين الف وست ميه,21600
واحد وعشرون الف وست ميه,21600
احد وعشرين الف وست ميه,21600
احد وعشرون الف وست ميه,21600
واحد وعشرين الف وستمائه,21600
واحد وعشرون الف وستمائه,21600
احد وعشرين الف وستمائه,21600
احد وعشرون الف وستمائه,21600
واحد وعشرين الف وست مائه,21600
واحد وعشرون الف وست مائه,21600
احد وعشرين الف وست مائه,21600
احد وعشرون الف وست مائه,21600
واحد وعشرين الف وسبعميه,21700
واحد وعشرون الف وسبعميه,21700
احد وعشرين الف وسبعميه,21700
احد وعشرون الف وسبعميه,21700
واحد وعشرين الف وسبع ميه,21700
واحد وعشرون الف وسبع ميه,21700
احد وعشرين الف وسبع ميه,21700
احد وعشرون الف وسبع ميه,21700
واحد وعشرين الف وسبعمائه,21700
واحد وعشرون الف وسبعمائه,21700
احد وعشرين الف وسبعمائه,21700
احد وعشرون الف وسبعمائه,21700
واحد وعشرين الف وسبع مائه,21700
واحد وعشرون الف وسبع مائه,21700
احد وعشرين الف وسبع مائه,21700
احد وعشرون الف وسبع مائه,21700
واحد وعشرين الف وثمانميه,21800
واحد وعشرون الف وثمانميه,21800
احد وعشرين الف وثمانميه,21800
احد وعشرون الف وثمانميه,21800
واحد وعشرين الف وثمان ميه,21800
واحد وعشرون الف وثمان ميه,21800
احد وعشرين الف وثمان ميه,21800
احد وعشرون الف وثمان ميه,21800
واحد وعشرين الف وثمانمائه,21800
واحد وعشرون الف وثمانمائه,21800
احد وعشرين الف وثمانمائه,21800
احد وعشرون الف وثمانمائه,21800
واحد وعشرين الف وثمان مائه,21800
واحد وعشرون الف وثمان مائه,21800
احد وعشرين الف وثمان مائه,21800
احد وعشرون الف وثمان مائه,21800
واحد وعشرين الف وتسعميه,21900
واحد وعشرون الف وتسعميه,21900
احد وعشرين الف وتسعميه,21900
احد وعشرون الف وتسعميه,21900
واحد وعشرين الف وتسع ميه,21900
واحد وعشرون الف وتسع ميه,21900
احد وعشرين الف وتسع ميه,21900
احد وعشرون الف وتسع ميه,21900
واحد وعشرين الف وتسعمائه,21900
واحد وعشرون الف وتسعمائه,21900
احد وعشرين الف وتسعمائه,21900
احد وعشرون الف وتسعمائه,21900
واحد وعشرين الف وتسع مائه,21900
واحد وعشرون الف وتسع مائه,21900
احد وعشرين الف وتسع مائه,21900
احد وعشرون الف وتسع مائه,21900
